,time,pole_lat,pole_lon,pole_angle
0,2212.0,25.2646182064,-15.2393771555,238.436807478
1,2110.0,46.2173272431,117.038564172,-304.802279646
2,2018.0,30.8845129788,111.96743752,-294.722651223
3,1888.0,12.4164268511,139.525083841,-294.675769113
4,1868.0,15.9782178055,171.952401321,-266.773212067
5,1760.0,9.85166179476,-172.337688083,-288.978493723
6,0.0,90.0,0.0,0.0
